{
  "adeeb12@gmail.com": {
    "selected_assets": [
      "KEYS",
      "HWM",
      "AXON",
      "WBD",
      "PLTR",
      "VLO",
      "STE",
      "TSLA",
      "TPL",
      "VMC",
      "VST",
      "WELL",
      "WYNN",
      "WMT",
      "WRB",
      "WTW",
      "XEL",
      "XOM",
      "ZBRA",
      "WM"
    ],
    "weights": [
      0.15,
      0.15,
      0.02,
      0.15,
      0.02000000000001183,
      0.07719112896271106,
      0.08592068800402192,
      0.02,
      0.02,
      0.10688818303325594,
      0.02,
      0.02,
      0.02,
      0.02,
      0.02,
      0.020000000000053735,
      0.020000000000027555,
      0.02,
      0.02,
      0.02
    ]
  },
  "bayan1212@gmail.com": {
    "selected_assets": [
      "KEYS",
      "AXON",
      "HWM",
      "MHK",
      "EXPE",
      "COO",
      "FICO",
      "KLAC",
      "TPL",
      "CTSH",
      "PLTR",
      "PWR",
      "PODD",
      "WBD",
      "SNA"
    ],
    "weights": [
      0.1499999999999999,
      0.02000000000000024,
      0.06647362596125136,
      0.10127153491092244,
      0.09240869058759542,
      0.0794964877805089,
      0.020000000000000247,
      0.07034966075460347,
      0.020000000000000278,
      0.1499999999999998,
      0.02000000000000073,
      0.020000000000000098,
      0.02000000000000014,
      0.14999999999999997,
      0.020000000000000087
    ]
  }
}